{
  "title": "Image Task",
  "type": "object",
  "properties": {
    "image": {
      "type": "string"
    },
    "width": {
      "type": "number"
    },
    "height": {
      "type": "number"
    },
    "spans": {
      "type": "array",
      "items": {
        "type": "object",
        "properties": {
          "label": {
            "type": "string"
          },
          "color": {
            "type": "string"
          },
          "points": {
            "type": "array",
            "items": {
              "type": "array",
              "minItems": 2,
              "maxItems": 2,
              "items": {
                "type": "number"
              }
            }
          }
        }
      }
    }
  },
  "additionalProperties": true,
  "required": [
    "image",
    "_task_hash",
    "_input_hash"
  ]
}
